t_s,V_V,mode,rel_alt_m,x_m,y_m,roll_deg,pitch_deg,yaw_deg,PWM1,PWM2,PWM3,PWM4
0.8256015777587891,25.2,GUIDED,0.001,-1.8081171438097952e-05,2.336792089045048e-05,-0.10635877861061958,-0.006620674868125596,3.427254456163114,1100,1100,1100,1100
2.812084674835205,25.2,GUIDED,0.001,-1.814645901322365e-05,2.3246433585882188e-05,-0.1123813446020246,-0.012253136756194721,3.437219488718751,1263,1264,1258,1257
4.848088502883911,25.2,GUIDED,0.392,-2.0662939175963402e-05,2.0735552534461022e-05,-0.15765780149617967,0.04094230165938528,3.8167916704731653,1305,1317,1314,1311
6.761552333831787,25.2,GUIDED,1.299,-2.2412825375795364e-05,2.802557125687599e-05,-0.267582692575593,0.0976049907248557,3.6995305559155636,1276,1281,1279,1278
8.225541830062866,25.2,GUIDED,2.062,-1.5703096985816956e-05,4.081141576170921e-05,-0.19567652872674826,0.12742542321835948,3.6717807779782707,1254,1260,1246,1268
15.66901683807373,25.2,GUIDED,2.104,0.0004494577646255493,0.00019606192409992219,5.38646817948506,-16.2746520278681,-1.085051428789336,1271,1294,1282,1261
17.823119640350342,25.2,GUIDED,2.175,0.0032806389331817625,0.0011154838800430298,4.9374126967475185,-13.879325176512138,-1.2082586499062573,1289,1289,1279,1282
19.932881116867065,25.2,GUIDED,2.214,0.008572321891784668,0.0028434460163116455,4.3788086636857875,-12.396957268113223,-0.47444991262823855,1277,1307,1302,1286
22.095584630966187,25.2,GUIDED,2.278,0.015307765007019043,0.005086105346679687,-5.873823094219803,16.816485812083332,-0.5762501469475763,1257,1291,1290,1269
24.34787392616272,25.2,GUIDED,2.3,0.020011669158935548,0.006687728881835937,-5.414682837172737,14.52079946788681,-0.4139045811847332,1257,1311,1294,1281
26.55031132698059,25.2,GUIDED,2.276,0.02215671157836914,0.007434855937957763,-4.683237452069249,12.204247749549545,-0.46961456558269266,1278,1310,1295,1291
28.82232093811035,25.2,GUIDED,2.285,0.022372634887695312,0.007512113094329834,0.17410860559684627,-1.531450394826567,0.12558257948335186,1284,1268,1273,1280
30.979047060012817,25.2,GUIDED,2.279,0.021995851516723633,0.007492475032806397,0.10104090938270269,17.117608362021684,0.058055687470396015,1300,1313,1317,1298
33.18299317359924,25.2,GUIDED,2.284,0.019438568115234374,0.0075065956115722655,-0.3790025012889532,-4.30289452615568,-0.046451572931567896,1274,1275,1268,1279
35.34606647491455,25.2,GUIDED,2.343,0.017397926330566405,0.0075060191154479984,0.05029557871705661,-16.932880773276814,-0.2239890101979866,1280,1254,1258,1267
39.6073796749115,25.2,GUIDED,2.266,0.017203031539916994,0.007501250267028809,-0.012832874074899346,18.579116872695383,0.1502546234878263,1315,1303,1302,1324
41.77786183357239,25.2,GUIDED,2.295,0.014502662658691406,0.007523044586181641,-0.5465629965243802,-4.739363677800182,-0.054861810306208056,1269,1280,1263,1280
43.93768239021301,25.2,GUIDED,2.358,0.012371040344238282,0.007526985168457031,-0.065241019796823,-17.571640064456407,-0.25758615043632394,1249,1285,1260,1263
49.02144742012024,25.2,GUIDED,2.286,0.012479486465454102,0.0075198073387146,-0.15179867312707232,2.239859366128601,0.0766942665292625,1291,1269,1255,1311
51.12229514122009,25.2,GUIDED,2.272,0.012165968894958495,0.007523159980773925,-0.24266869712389877,18.761868829222827,0.08477083849077696,1299,1323,1315,1311
53.2706732749939,25.2,GUIDED,2.301,0.009404398918151856,0.007538530349731445,-0.48282153675570566,-6.051419538584359,-0.04695079372584037,1267,1278,1271,1271
55.37159776687622,25.2,GUIDED,2.364,0.007357833862304687,0.007537522315979004,-0.19201661454867922,-16.90539438450939,-0.2750836276664421,1247,1292,1292,1234
58.04307699203491,25.2,GUIDED,2.291,0.007545038223266602,0.00751805067062378,-0.16328633093951975,3.855611050620933,0.030235763356925426,1284,1277,1301,1262
60.0724823474884,25.2,GUIDED,2.281,0.007183191776275635,0.007511305809020996,-0.1988496985449613,18.65416528374819,0.07737562458971756,1302,1319,1321,1304
62.57083249092102,25.2,GUIDED,2.317,0.004442003726959229,0.007516905307769776,-0.2802458632967966,-5.528960439723513,-0.046479550693749164,1264,1281,1273,1266
64.83990788459778,25.2,GUIDED,2.378,0.0023581156730651857,0.007516038417816162,-0.13383363476371238,-17.201506990691538,-0.3021972908764242,1260,1279,1275,1252
66.96748185157776,25.2,GUIDED,2.298,0.0024771201610565186,0.007515631198883057,-0.1784992032737612,7.829586718237248,0.024246042638001297,1296,1275,1277,1295
69.16401529312134,25.2,GUIDED,2.272,0.0013420960903167724,0.007515758037567139,-0.32207951798308176,16.45834655050101,0.14581195895870325,1304,1318,1310,1315
71.41892290115356,25.2,GUIDED,2.339,-0.0017315359115600585,0.007517791271209716,-0.2809129273187836,-18.806143822970142,-0.20518804739366703,1225,1301,1289,1224
73.78369855880737,25.2,GUIDED,2.34,-0.002674647331237793,0.007505949974060059,-0.040585744440369456,-4.830742644271667,-0.18285244835365264,1284,1264,1246,1297
76.00153994560242,25.2,GUIDED,2.283,-0.002509139537811279,0.007499198436737061,-0.01778348139645254,15.436452920471428,0.07640981316271528,1307,1287,1290,1305
78.16811203956604,25.2,GUIDED,2.277,-0.004369487285614013,0.00750261926651001,-0.21253933197258415,8.623587671514768,0.055431410730390096,1280,1317,1301,1294
83.26896739006042,25.2,GUIDED,2.358,-0.007241180896759033,0.007508760452270508,-0.1613988908717087,-20.130828276642852,-0.20127446906116872,1257,1269,1263,1251
85.44158935546875,25.2,GUIDED,2.318,-0.00762501335144043,0.007504212856292725,-0.10568470430658411,-0.6835933465826437,-0.11945595315870332,1281,1272,1281,1267
89.81746816635132,25.2,GUIDED,2.27,-0.009411734580993652,0.007517092227935791,-0.36407344199102426,8.084352774278724,0.06064917166323069,1290,1301,1292,1299
91.9569342136383,25.2,GUIDED,2.346,-0.012264739990234376,0.0075142278671264644,-0.17428605711313436,-20.081830207084472,-0.2283364789655526,1245,1289,1259,1260
94.11238265037537,25.2,GUIDED,2.305,-0.012622269630432129,0.00751595401763916,-0.20239787509707716,-0.7993966426392712,-0.02254033129234288,1270,1281,1279,1270
96.18118453025818,25.2,GUIDED,2.257,-0.012513147354125977,0.007518625259399414,-0.3120495986303296,17.346967821898005,0.08293870027688055,1302,1304,1299,1308
98.36437797546387,25.2,GUIDED,2.252,-0.014618898391723633,0.00751650333404541,-0.21633596999597243,5.430139128377653,0.03154436156784442,1298,1284,1280,1299
100.52952909469604,25.2,GUIDED,2.334,-0.01736160659790039,0.007526969432830811,-0.09271080666889117,-19.836402727185696,-0.2505375819758559,1262,1275,1275,1245
102.69368314743042,25.2,GUIDED,2.288,-0.017603166580200197,0.007532849311828614,-0.3896379596003093,0.3109185353120314,-0.13722773185310627,1282,1279,1275,1281
104.88660836219788,25.2,GUIDED,2.257,-0.01757035446166992,0.00752421522140503,-0.01497362728277925,17.892961191317777,0.148579239449403,1303,1303,1308,1303
107.08215737342834,25.2,GUIDED,2.257,-0.01979602813720703,0.00752050256729126,-0.2011183485458237,3.620851472432071,0.13145092593979607,1284,1290,1280,1295
109.24590849876404,25.2,GUIDED,2.335,-0.022436956405639648,0.0075133957862854005,0.05314213675988545,-19.475727757874004,-0.2804199530793526,1264,1270,1255,1263
111.31082582473755,25.2,GUIDED,2.274,-0.022595495223999024,0.007528970241546631,-0.5274282749254424,2.1838355932352176,0.0566594940844036,1297,1264,1251,1308
113.41243767738342,25.2,GUIDED,2.28,-0.022404037475585937,0.007687390804290772,15.315596138202636,2.036805099180115,0.42210147519940966,1258,1294,1277,1277
118.50768375396729,25.2,GUIDED,2.295,-0.022469444274902342,0.009806445121765137,3.9916018245431792,-0.13133398563068607,0.11798663539393077,1276,1278,1272,1282
120.67308306694031,25.2,GUIDED,2.279,-0.022529804229736328,0.012392119407653808,-18.994001345902173,-0.4343164681171841,0.0419875373808621,1305,1290,1294,1298
122.75479674339294,25.2,GUIDED,2.289,-0.02252383041381836,0.012568318367004394,0.6865014597043353,0.200394148390604,0.17570590936727723,1257,1292,1274,1281
124.80054831504822,25.2,GUIDED,2.312,-0.02237894630432129,0.012410048484802247,1.789025579607622,-15.472010885290514,-0.22445999976602657,1307,1247,1247,1303
126.99059057235718,25.2,GUIDED,2.319,-0.02027103805541992,0.012473506927490234,-0.48045316866100374,-4.623846822801872,0.03066132616388887,1265,1286,1283,1271
129.07394313812256,25.2,GUIDED,2.296,-0.017652229309082033,0.01252054500579834,-0.29434086578361707,19.12080893048534,0.2684944961493632,1290,1300,1300,1301
131.22437453269958,25.2,GUIDED,2.293,-0.017465333938598632,0.012516035079956054,-0.2725330589395448,-0.8403205214641959,0.017460434793052093,1273,1280,1284,1264
133.29381847381592,25.2,GUIDED,2.31,-0.01751673698425293,0.01250353717803955,-0.101637843903778,-16.3582894018022,-0.041135884828512916,1276,1271,1264,1279
135.4630467891693,25.2,GUIDED,2.303,-0.015455411911010743,0.012505353927612305,-0.2682961538591684,-6.176944328264031,0.05039041095780335,1258,1294,1283,1270
137.72296977043152,25.2,GUIDED,2.283,-0.012702334403991699,0.012506890296936034,-0.05534793101109586,19.681196923580913,0.16347098617094807,1295,1296,1292,1304
140.0546042919159,25.2,GUIDED,2.282,-0.012446043968200683,0.012506640434265137,-0.2773390841964273,-0.20546503024080956,0.064159635432566,1274,1285,1291,1267
142.17642164230347,25.2,GUIDED,2.311,-0.012384751319885253,0.012515204429626465,-0.1785515369302338,-18.63676366929029,-0.0032733102131774247,1285,1273,1283,1272
144.31666707992554,25.2,GUIDED,2.292,-0.009955551147460938,0.012531919479370117,-0.41865617837166713,9.387525547160477,0.06234658039368463,1291,1265,1263,1292
146.4124617576599,25.2,GUIDED,2.284,-0.007526065826416016,0.012538737297058105,-0.3247011366856031,18.9451842763568,0.12094541464544212,1287,1312,1297,1306
148.58636832237244,25.2,GUIDED,2.293,-0.007489970207214355,0.012520915031433105,-0.03419771663762247,-1.5709774466053712,-0.0355809133208827,1267,1285,1271,1279
153.63029551506042,25.2,GUIDED,2.308,-0.007400829315185547,0.01251524543762207,-0.09258740969658137,-17.904801324243994,-0.1004759246722957,1278,1279,1256,1294
156.079491853714,25.2,GUIDED,2.294,-0.005009159564971923,0.012526906967163087,-0.47109773048879033,-0.8173391760629245,-0.06431947786740018,1274,1285,1289,1265
158.46104550361633,25.2,GUIDED,2.286,-0.002536088228225708,0.012524153709411621,-0.16263472822465788,19.072055040189788,0.21729699895653437,1297,1297,1302,1298
160.67671060562134,25.2,GUIDED,2.298,-0.002495922565460205,0.012513114929199218,-0.09204434962660586,-1.7116226742818639,-0.041667925882366494,1265,1288,1263,1286
162.815603017807,25.2,GUIDED,2.323,-0.0020103397369384767,0.012510650634765625,-0.09798515345116907,-18.619379130305315,-0.12644288983408258,1276,1287,1260,1296
164.93193697929382,25.2,GUIDED,2.299,0.0009229013919830322,0.01252798080444336,-0.4622015158165545,10.197028468532986,0.034880475420465906,1281,1282,1278,1285
167.12821507453918,25.2,GUIDED,2.292,0.0026463110446929934,0.012524277687072753,-0.36220709280031826,12.858781362617282,0.14313870029079695,1288,1297,1292,1299
169.44747376441956,25.2,GUIDED,2.307,0.002450467586517334,0.012490812301635743,0.03497059856594504,-4.032343049168659,-0.059625910607984924,1279,1269,1261,1283
171.73948073387146,25.2,GUIDED,2.318,0.0032743000984191894,0.012484604835510255,-0.014421043968089393,-17.77016805041929,-0.11427789603546674,1280,1286,1294,1266
173.9040665626526,25.2,GUIDED,2.291,0.006324879169464111,0.01251430606842041,-0.36268990179727356,14.828280923942446,0.09977906528407589,1279,1286,1268,1305
176.12293434143066,25.2,GUIDED,2.281,0.0076602745056152345,0.012520615577697753,-0.20546872547987224,8.576601946440604,0.09060924283864287,1302,1271,1279,1296
178.23214960098267,25.2,GUIDED,2.296,0.007432804107666015,0.01250342845916748,-0.0688954644874707,-5.8717697686005685,-0.06398822036276117,1276,1277,1260,1290
180.42168068885803,25.2,GUIDED,2.316,0.008480480194091797,0.012500138282775878,0.07521088150964664,-16.949671085804,-0.05442231698158683,1294,1270,1272,1291
182.5799741744995,25.2,GUIDED,2.291,0.01155419635772705,0.012524887084960938,-0.4085329308872091,17.164666657855783,0.03417935716917476,1283,1292,1282,1295
184.8554983139038,25.2,GUIDED,2.283,0.01266267967224121,0.01252366542816162,-0.3449924814513738,6.235027830078996,0.06812168542980893,1279,1289,1281,1287
189.96102571487427,25.2,GUIDED,2.301,0.01244467067718506,0.012496377944946289,-0.04979303620969168,-9.06002395287389,-0.08080542675980193,1267,1282,1265,1280
192.14652395248413,25.2,GUIDED,2.318,0.013784916877746582,0.012492788314819337,-0.03160053387067182,-14.812470743561157,-0.10068802739242971,1289,1272,1272,1285
194.31420588493347,25.2,GUIDED,2.294,0.0168274040222168,0.012521490097045899,-0.47397932326659525,19.136576422184312,0.13004641493085933,1295,1288,1301,1291
196.47505640983582,25.2,GUIDED,2.294,0.017621828079223634,0.01250973129272461,-0.13939982539066287,3.405001913290624,0.08111483299518218,1269,1296,1300,1266
198.57972979545593,25.2,GUIDED,2.316,0.017419443130493165,0.012487954139709472,-0.09039278453889166,-10.351191814515698,-0.11582717503829604,1267,1281,1264,1280
200.7871015071869,25.2,GUIDED,2.324,0.018894729614257814,0.012498101234436036,-0.2798151344922627,-13.61860148796712,-0.08740137512583764,1257,1311,1307,1254
203.17930674552917,25.2,GUIDED,2.3,0.021923038482666017,0.012520756721496582,-0.35519931871188515,19.492219249625,0.0931682359101903,1309,1278,1281,1312
205.55566215515137,25.2,GUIDED,2.295,0.022628162384033205,0.012500301361083984,-0.13403593909723435,2.8883442063560567,0.02727494305279101,1261,1302,1294,1267
207.72361755371094,25.2,GUIDED,2.314,0.022381444931030274,0.01264047336578369,15.63171949110563,-2.711732163005629,-0.23807077919329014,1286,1257,1250,1299
209.94810128211975,25.2,GUIDED,2.316,0.02239983367919922,0.014800617218017578,3.89494525627739,-0.2707659609352156,0.002971822228108157,1291,1268,1249,1306
212.03094363212585,25.2,GUIDED,2.3,0.022476310729980468,0.017412612915039063,-19.258068412045915,0.43807760783318683,-0.21416861223410985,1297,1299,1286,1303
214.13323163986206,25.2,GUIDED,2.304,0.02250629997253418,0.01757107925415039,0.895683260111969,0.35981698015806335,0.07305178800987552,1262,1288,1302,1253
216.52163314819336,25.2,GUIDED,2.312,0.02233663558959961,0.017410383224487305,1.6956613759651904,16.434703850689008,0.39711144053234615,1301,1297,1299,1305
219.21959400177002,25.2,GUIDED,2.303,0.02013256072998047,0.017481992721557617,-0.5701631677366255,3.3237785843413015,-0.07408707526734153,1281,1295,1288,1283
224.59583640098572,25.2,GUIDED,2.37,0.017565910339355468,0.01753194999694824,-0.466660081879839,-19.17123450958025,-0.3225172370593444,1251,1285,1269,1249
226.82015252113342,25.2,GUIDED,2.316,0.01740975570678711,0.017546514511108398,-0.3989589533419817,3.4053771468081515,-0.2035213611742649,1274,1289,1280,1277
229.21143412590027,25.2,GUIDED,2.279,0.016600414276123045,0.017536325454711912,-0.1820538231488636,18.332386534212425,0.15864996651440336,1305,1321,1311,1320
231.41348123550415,25.2,GUIDED,2.338,0.013559768676757813,0.017522192001342772,-0.09266034064226977,-15.799945342815752,-0.08865377435350277,1275,1250,1259,1261
233.58732724189758,25.2,GUIDED,2.357,0.012302091598510742,0.017516670227050782,0.10342477213506275,-7.933187027568001,-0.25247578155497924,1304,1245,1258,1281
235.82110142707825,25.2,GUIDED,2.288,0.01250733470916748,0.017535409927368163,-0.33204166905266275,11.106920656552697,0.0888681248995648,1278,1303,1301,1285
238.0414502620697,25.2,GUIDED,2.282,0.011035079956054688,0.017525651931762695,-0.20911309830953684,13.535155359329782,0.032261578121442036,1294,1318,1307,1306
240.2755641937256,25.2,GUIDED,2.36,0.008017156600952148,0.017491390228271484,0.18269759515856374,-19.64251756231113,-0.29923923199642694,1267,1261,1257,1258
242.64476585388184,25.2,GUIDED,2.338,0.007328413963317871,0.017491628646850586,-0.016993023737209095,-2.9469798862767353,-0.25558399787501107,1269,1280,1276,1262
245.7406530380249,25.2,GUIDED,2.271,0.0070453305244445805,0.017524528503417968,-0.519618380496356,19.190051680743636,0.08084399998633532,1307,1321,1325,1307
247.70979809761047,25.2,GUIDED,2.286,0.005019978523254394,0.017516565322875977,-0.23284915293366829,1.3670548918586474,0.05076567782586398,1267,1302,1284,1284
250.22156596183777,25.2,GUIDED,2.367,0.002505692720413208,0.017501125335693358,-0.05741721152534528,-19.327709020823363,-0.26796689071640617,1233,1296,1270,1248
252.50329160690308,25.2,GUIDED,2.301,0.0024205217361450196,0.017518407821655275,-0.3840152731703607,3.902030723767632,0.03045433941552575,1261,1296,1275,1282
254.67682194709778,25.2,GUIDED,2.252,0.0015962022542953492,0.01752389335632324,-0.19245298626340634,18.196283062168874,0.16332915302396453,1309,1316,1307,1323
259.8214645385742,25.2,GUIDED,2.309,-0.0014531049728393555,0.017507497787475585,-0.04152663968412508,-15.986317299603304,-0.06279502500137829,1265,1262,1258,1262
261.9658920764923,25.2,GUIDED,2.332,-0.0026977956295013428,0.017509225845336915,-0.11033880454518005,-7.807724990251329,-0.20517347988082785,1272,1269,1265,1268
264.0075092315674,25.2,GUIDED,2.261,-0.0024640305042266846,0.017526538848876953,-0.19028525497557355,5.830372845814767,0.01678298208001798,1302,1269,1263,1306
266.2643585205078,25.2,GUIDED,2.244,-0.0035057764053344725,0.01752801513671875,-0.3512667038951181,16.810483783350186,0.09711212320713053,1307,1318,1312,1316
268.50391912460327,25.2,GUIDED,2.3,-0.0065800418853759765,0.017505437850952148,0.021731399105312677,-17.141237401455346,-0.028196394935774572,1280,1245,1250,1269
270.8120572566986,25.2,GUIDED,2.322,-0.0077008137702941895,0.01750739860534668,-0.2626264831982496,-6.618110942510209,-0.191095886372263,1249,1295,1299,1234
273.0775353908539,25.2,GUIDED,2.259,-0.007499807834625244,0.01753637886047363,-0.6259035411403062,13.39785575040783,0.04452468918831069,1284,1305,1287,1302
275.25562620162964,25.2,GUIDED,2.249,-0.009164363861083984,0.017524829864501955,-0.2269377042483016,11.211003347993582,0.1484783607570131,1285,1317,1299,1306
277.9960083961487,25.2,GUIDED,2.337,-0.012496835708618164,0.017499794006347658,0.0027029694071615262,-19.486539947330133,-0.30042715130348024,1246,1287,1267,1252
279.99193239212036,25.2,GUIDED,2.301,-0.012657154083251953,0.01750810241699219,-0.13490117198664422,-1.7706922846582498,-0.15061330180074453,1285,1268,1247,1298
282.27879071235657,25.2,GUIDED,2.25,-0.012638433456420899,0.017533342361450197,-0.4020308042407685,19.006616705299187,0.11198075133916072,1307,1311,1310,1312
284.4676694869995,25.2,GUIDED,2.252,-0.014998332977294922,0.017535856246948242,-0.22304721782489176,1.115330511153649,0.036028357412584644,1293,1276,1281,1286
286.5933611392975,25.2,GUIDED,2.336,-0.017494787216186525,0.017526424407958985,-0.02965696819077965,-19.37398867509208,-0.21608014472700107,1255,1278,1267,1255
288.84665870666504,25.2,GUIDED,2.288,-0.01756460189819336,0.01753379249572754,-0.3569996872079918,1.3711742429801055,0.013207516454228492,1281,1277,1267,1292
293.94593691825867,25.2,GUIDED,2.262,-0.017735578536987304,0.017534757614135744,-0.2874019005149866,18.866853959407802,0.1650693971790765,1303,1314,1316,1307
296.1241819858551,25.2,GUIDED,2.282,-0.020345571517944337,0.017518529891967772,-0.13333936652359882,-2.97923673529259,-0.054866159215718656,1271,1286,1282,1267
298.27704429626465,25.2,GUIDED,2.353,-0.022597414016723633,0.017508222579956056,-0.06491541187248379,-18.423222927531718,-0.17903918842458888,1280,1258,1245,1281
300.4398202896118,25.2,GUIDED,2.288,-0.02253738212585449,0.017527986526489257,-0.45025935693961033,2.0174882569902612,0.03632099166489069,1264,1296,1279,1283
302.6089107990265,25.2,GUIDED,2.286,-0.022398008346557616,0.01794710922241211,16.897136685802845,1.4330102934137583,0.36966816733405805,1305,1259,1247,1319
305.0124990940094,25.2,GUIDED,2.287,-0.022481500625610353,0.020578535079956054,-5.00959370900939,-0.1666777199656294,-0.059350461885363005,1265,1294,1287,1263
307.12111234664917,25.2,GUIDED,2.28,-0.022538572311401366,0.02261897087097168,-16.87393965583419,-0.480329478204003,0.0779124614502247,1303,1296,1305,1291
309.2806205749512,25.2,GUIDED,2.3,-0.022514562606811523,0.02250434112548828,2.2479475907663655,0.09402681870330867,0.24872888918669836,1276,1270,1265,1289
311.57495284080505,25.2,GUIDED,2.33,-0.02184567642211914,0.022411899566650392,1.0455286458787632,-16.94451600052793,-0.2716709876806687,1267,1291,1284,1267
313.7415497303009,25.2,GUIDED,2.308,-0.018996355056762695,0.022511100769042967,-0.6536445145368717,10.232003305951682,0.14606503614375074,1273,1287,1289,1280
315.88765358924866,25.2,GUIDED,2.298,-0.0173697452545166,0.02254083061218262,-0.32470593916236323,12.2087565281754,0.30995369105048776,1289,1294,1274,1320
318.0821330547333,25.2,GUIDED,2.313,-0.017565465927124022,0.0224947509765625,0.13221956234526053,-3.5336873730087186,-0.002306573934205315,1272,1280,1285,1265
320.2533528804779,25.2,GUIDED,2.338,-0.01676257133483887,0.022484081268310547,-0.08847290107252305,-17.576984687481943,-0.07214577408864391,1262,1304,1307,1256
322.42691826820374,25.2,GUIDED,2.319,-0.013734036445617676,0.02251874351501465,-0.4583198872947245,13.960992040870687,0.10536808101585039,1268,1297,1293,1278
324.642600774765,25.2,GUIDED,2.299,-0.012352874755859375,0.02252952766418457,-0.36510133210025825,9.102271234211356,0.08092115977961531,1281,1297,1285,1294
329.7182915210724,25.2,GUIDED,2.303,-0.012582199096679687,0.02250933837890625,-0.13433549358514965,-5.301432751205225,0.013585548915242851,1265,1283,1252,1296
331.8672020435333,25.2,GUIDED,2.314,-0.011580042839050293,0.022502843856811523,-0.1265925270058014,-17.10124152122304,0.06982056158371737,1300,1266,1270,1298
334.02497267723083,25.2,GUIDED,2.294,-0.008500600814819336,0.022528175354003907,-0.2969299877267279,16.56790107724072,0.1767631212651747,1278,1297,1313,1270
336.30553913116455,25.2,GUIDED,2.288,-0.007338274002075196,0.0225308837890625,-0.2903259685316925,7.014173548798562,0.1199322921522456,1278,1293,1277,1295
338.6166136264801,25.2,GUIDED,2.306,-0.0075722565650939945,0.022495464324951173,0.2004756170727549,-9.19331680207398,-0.1368766708019382,1281,1265,1261,1277
340.93044924736023,25.2,GUIDED,2.319,-0.006239760875701905,0.02249393844604492,-0.15494630977717716,-15.015887437422478,-0.09878862782346454,1283,1283,1283,1278
343.0958607196808,25.2,GUIDED,2.297,-0.003178030490875244,0.022523353576660157,-0.48711399048394133,19.283628687467395,0.12115360201299528,1277,1306,1295,1296
345.274454832077,25.2,GUIDED,2.291,-0.0023677518367767334,0.022520469665527343,-0.2043030843289008,3.7460996394503567,0.10386586628527071,1275,1287,1286,1276
347.36665511131287,25.2,GUIDED,2.31,-0.002559880495071411,0.02249986457824707,-0.01105155373574808,-12.454826045856157,-0.11422812369993292,1271,1278,1264,1279
349.56817865371704,25.2,GUIDED,2.314,-0.000914101243019104,0.022506025314331053,-0.1551110880909037,-11.513693426346453,-0.08779591193189842,1286,1276,1276,1282
351.7036819458008,25.2,GUIDED,2.294,0.0020579161643981933,0.022521337509155272,-0.439252400370429,19.843400255990375,0.13952303559998755,1289,1298,1308,1286
353.8856406211853,25.2,GUIDED,2.291,0.0026059925556182863,0.022511650085449218,-0.11917176659642054,1.6489973101122517,0.047353791562137655,1280,1282,1276,1285
356.0564992427826,25.2,GUIDED,2.308,0.0024516756534576417,0.022504121780395507,-0.18668006235214396,-14.272773101008845,0.012341579034807792,1251,1300,1304,1247
358.1917245388031,25.2,GUIDED,2.314,0.004275045394897461,0.022520257949829103,-0.31098144775758957,-9.398192595096743,-0.02354201455270095,1259,1299,1291,1265
360.33011269569397,25.2,GUIDED,2.286,0.007158976078033447,0.022546396255493165,-0.37453203575547406,19.680413159373654,0.0920912538162968,1316,1275,1292,1307
365.51759147644043,25.2,GUIDED,2.282,0.007572252273559571,0.022524961471557615,-0.19756335514475104,0.7690473373925543,-0.009255244833277804,1276,1284,1274,1283
367.6668300628662,25.2,GUIDED,2.301,0.007466049671173096,0.022494392395019533,0.07161489363334071,-15.747264093747443,-0.1566936375855104,1270,1280,1271,1275
369.8829846382141,25.2,GUIDED,2.307,0.009429696083068848,0.02250414848327637,-0.19471584661173008,-7.509949233006283,0.019685685745247785,1276,1276,1289,1263
371.98739671707153,25.2,GUIDED,2.287,0.012243588447570801,0.022520429611206056,-0.3436637428535419,19.602545587740924,0.13418975175569187,1299,1293,1286,1311
374.1658365726471,25.2,GUIDED,2.289,0.012562907218933106,0.022502656936645507,0.047155419256463084,0.3220297589877612,-0.03629112959759172,1260,1296,1278,1274
376.2653830051422,25.2,GUIDED,2.307,0.012476165771484376,0.022501869201660155,-0.25329631138987996,-16.50008242142437,-0.04419539269501541,1268,1287,1277,1274
378.483877658844,25.2,GUIDED,2.304,0.014525431632995606,0.02251238250732422,-0.33933759174670575,-6.360018584342937,-0.05525363904898465,1277,1280,1282,1272
380.6946361064911,25.2,GUIDED,2.279,0.017295774459838868,0.02252373695373535,-0.3879451665836304,19.744249814903885,0.17174925548628286,1298,1295,1305,1296
382.8234622478485,25.2,GUIDED,2.288,0.01755414009094238,0.022505735397338866,-0.05368641412431754,-0.1468212127900652,-0.02298935786683837,1297,1261,1267,1287
385.00532746315,25.2,GUIDED,2.32,0.01751511001586914,0.022494697570800783,0.018857328540238704,-17.79125284438712,-0.14385185474946827,1294,1265,1264,1288
387.2302153110504,25.2,GUIDED,2.315,0.019738143920898437,0.022511043548583985,-0.33282890171535956,-3.7057468818339214,0.02828141878474933,1259,1294,1287,1267
389.41826725006104,25.2,GUIDED,2.295,0.02239361572265625,0.022535030364990234,-0.5106407905234618,19.48159318282375,0.17636970503702462,1282,1310,1306,1293
391.6234710216522,25.2,GUIDED,2.291,0.022545642852783203,0.022515066146850587,-0.08331564134170062,-1.044251720669088,0.005363242211258871,1283,1267,1269,1281
393.75082421302795,25.2,GUIDED,2.305,0.02237517547607422,0.022738382339477538,16.639498535215377,-1.960832905042063,-0.09619475676444642,1275,1270,1287,1266
395.9430866241455,25.2,GUIDED,2.289,0.02243431854248047,0.025108175277709963,0.15662701656067632,0.0336355667225253,0.01751959030106142,1268,1289,1279,1272
401.15472173690796,25.2,GUIDED,2.273,0.02249297332763672,0.02750859260559082,-18.748099167856083,0.46217841056725284,-0.226578105460671,1287,1309,1295,1296
404.5168135166168,25.2,GUIDED,2.287,0.022490234375,0.027485347747802733,0.8101133695295799,7.017651395746567,0.1700748853040645,1280,1281,1286,1278
406.5159418582916,25.2,GUIDED,2.271,0.02173899269104004,0.027400495529174805,1.6312738229897148,17.129040391144994,0.4845849528611854,1309,1304,1293,1328
408.70947313308716,25.2,GUIDED,2.292,0.018808719635009765,0.027476980209350587,-0.3030948204220462,-12.301222775385385,-0.30711844217341844,1265,1272,1262,1259
411.0983839035034,25.2,GUIDED,2.328,0.017321332931518555,0.027534751892089843,-0.7414520924852334,-10.455638213529888,-0.349737088366579,1243,1301,1292,1239
413.27181792259216,25.2,GUIDED,2.259,0.01747110939025879,0.027548173904418945,-0.3396296623750031,14.270532798961082,0.09751236295434403,1308,1286,1292,1310
415.6595788002014,25.2,GUIDED,2.252,0.015741885185241698,0.027535648345947267,-0.2285301521811195,10.179600387092053,0.09049829895537645,1298,1303,1303,1299
417.8945572376251,25.2,GUIDED,2.345,0.012818573951721191,0.027517633438110353,-0.01920260660897475,-20.161519731678304,-0.26847680702662996,1246,1281,1249,1265
420.0664253234863,25.2,GUIDED,2.316,0.012355293273925781,0.027527812957763673,-0.16477440504408336,-1.2564568402798044,-0.20146906275144796,1277,1277,1267,1281
422.30894470214844,25.2,GUIDED,2.27,0.01241012477874756,0.02754816818237305,-0.44167959880544294,18.458671609324085,0.07397571116735858,1302,1311,1306,1310
424.5441617965698,25.2,GUIDED,2.276,0.010137481689453125,0.02753965950012207,-0.30572940581181995,2.6381072060645345,0.010891811352513084,1274,1296,1280,1287
426.69104862213135,25.2,GUIDED,2.359,0.007549283027648926,0.0275114803314209,-0.04946679796027771,-19.57730974630502,-0.2992053478548413,1246,1287,1298,1221
428.9207718372345,25.2,GUIDED,2.304,0.007429388523101807,0.02752414894104004,-0.39680560280400295,1.0642162568913296,-0.029953431084280602,1293,1266,1270,1289
434.69310188293457,25.2,GUIDED,2.275,0.006895159721374512,0.027542356491088868,-0.39195227315103287,18.2591190949857,0.1075447635867556,1308,1318,1313,1317
436.5164029598236,25.2,GUIDED,2.299,0.004723505020141601,0.02752598190307617,-0.183942063629468,-2.300974831604817,-0.017899241096692355,1277,1280,1258,1292
438.6600589752197,25.2,GUIDED,2.366,0.0024173216819763184,0.027504697799682617,0.007343859082732047,-18.740078818223196,-0.24972871148731188,1245,1289,1294,1229
440.8303349018097,25.2,GUIDED,2.294,0.0024509222507476808,0.027521547317504884,-0.2723152932988978,1.8438082857844726,-0.038784161984859594,1274,1290,1277,1284
443.27428340911865,25.2,GUIDED,2.267,0.0019275158643722533,0.027526947021484376,-0.2254101964734517,18.52553916129851,0.12640947259995977,1314,1313,1312,1318
445.4152548313141,25.2,GUIDED,2.314,-0.0010173629522323608,0.027505405426025392,0.04670888563431358,-10.705381519210464,-0.06315733852239969,1238,1292,1255,1269
447.56752586364746,25.2,GUIDED,2.357,-0.0026975176334381105,0.027503923416137697,-0.1676076662293825,-12.595448541809318,-0.1580801393065965,1247,1286,1261,1265
449.66018557548523,25.2,GUIDED,2.284,-0.0024962892532348633,0.02753023147583008,-0.44886535801869304,3.7262075672663406,0.03255525958048605,1267,1297,1299,1264
451.78323459625244,25.2,GUIDED,2.268,-0.003290727376937866,0.027537387847900392,-0.4126794426827886,17.876696803356687,0.09901195633302545,1314,1311,1317,1311
454.0536253452301,25.2,GUIDED,2.321,-0.006332406997680664,0.027502826690673828,0.11459068401489894,-14.403098233014566,-0.0812870484777804,1267,1257,1248,1270
456.23149275779724,25.2,GUIDED,2.348,-0.007702511787414551,0.027497383117675783,0.06388486039071183,-9.347295732949101,-0.20305734853774038,1300,1241,1231,1299
458.27776432037354,25.2,GUIDED,2.285,-0.0074596433639526364,0.027524349212646484,-0.2804421778745816,4.352357475464443,0.08846905909111491,1289,1274,1276,1291
460.42448830604553,25.2,GUIDED,2.273,-0.008339081764221191,0.027533628463745116,-0.2873759404600552,17.62223810582786,0.10860530386785215,1308,1317,1309,1319
463.43130588531494,25.2,GUIDED,2.341,-0.012017274856567383,0.027515329360961915,-0.19245980311236313,-19.79857372446758,-0.11553629168897547,1254,1273,1257,1260
465.27822494506836,25.2,GUIDED,2.339,-0.012700483322143555,0.027507720947265626,-0.014921935624068013,-8.39507259377459,-0.23475634985726213,1274,1267,1273,1258
470.5243995189667,25.2,GUIDED,2.271,-0.012511837005615234,0.027534442901611327,-0.43812936786049084,13.61091411005627,0.02047029372099308,1281,1306,1304,1285
472.7240605354309,25.2,GUIDED,2.256,-0.014180582046508789,0.02754081344604492,-0.48098816457208615,11.082675192546445,0.06653590760360237,1296,1311,1304,1303
474.8680102825165,25.2,GUIDED,2.336,-0.017133527755737305,0.027511550903320314,0.21598393510923908,-19.94066556486594,-0.20795167266594375,1244,1282,1254,1260
477.15622329711914,25.2,GUIDED,2.301,-0.0176561279296875,0.027511566162109376,-0.13824105444950113,-1.5004127345775597,-0.06367673305411817,1287,1267,1257,1295
479.5949273109436,25.2,GUIDED,2.247,-0.017574504852294923,0.027532398223876955,-0.48765352206751944,18.10558668772757,0.0993152460806431,1280,1331,1328,1286
481.76653265953064,25.2,GUIDED,2.246,-0.019760498046875,0.027534297943115234,-0.39323730921034733,3.9595989731870844,0.05357864521179811,1279,1301,1301,1278
483.8462133407593,25.2,GUIDED,2.331,-0.022418554306030274,0.02751298713684082,0.05013021676900156,-19.596335238238087,-0.15248382647818923,1228,1301,1271,1249
485.9347095489502,25.2,GUIDED,2.291,-0.022606067657470703,0.027517183303833008,-0.2843155354642135,0.48039191040188517,-0.05551702154874665,1280,1277,1269,1286
490.08266854286194,25.2,GUIDED,2.285,-0.02246480941772461,0.029897666931152343,2.911818499316333,-0.10297274568011881,0.06856157896082683,1281,1273,1283,1268
492.22514724731445,25.2,GUIDED,2.283,-0.022530595779418947,0.032431484222412106,-18.95958573022177,-0.42408647224651813,0.026092583279598253,1303,1294,1297,1297
494.55168318748474,25.2,GUIDED,2.301,-0.022520763397216797,0.032559413909912106,1.0874902332098537,0.0020239425489671386,0.2545398327056454,1283,1266,1265,1292
496.64529180526733,25.2,GUIDED,2.326,-0.022287309646606444,0.03240454483032226,1.7130985287511156,-16.41144193392324,-0.37168016497272927,1288,1275,1285,1267
498.7430055141449,25.2,GUIDED,2.322,-0.019993604660034178,0.032485404968261716,-0.45983800355946564,-1.3837424313831637,0.050155763277323,1274,1282,1259,1299
500.84920048713684,25.2,GUIDED,2.311,-0.017554332733154297,0.03255118942260742,-0.7986396655801634,18.66169556730813,0.13122799763663187,1280,1309,1304,1292
505.88726592063904,25.2,GUIDED,2.31,-0.017489358901977538,0.03252634811401367,-0.09515339970996409,-1.6793770310451164,-0.026562985878256434,1265,1291,1270,1282
507.96343421936035,25.2,GUIDED,2.331,-0.017489265441894532,0.03250801849365234,0.11276084698778344,-17.252299692454336,-0.11468623996221301,1286,1271,1276,1274
510.11184763908386,25.2,GUIDED,2.334,-0.015300939559936524,0.03253388595581055,-0.34554097765823755,-4.210642576130903,0.03578604577960787,1274,1286,1283,1277
512.2401983737946,25.2,GUIDED,2.316,-0.012633646011352539,0.03255545425415039,-0.5261943585631973,19.393497402908928,0.16696666898403267,1277,1314,1313,1283
514.603512763977,25.2,GUIDED,2.308,-0.012454075813293457,0.032533702850341795,-0.24220904673709806,-0.8677280962519002,-0.04117932723287258,1276,1278,1279,1272
516.9168314933777,25.2,GUIDED,2.325,-0.012360990524291992,0.03250648498535156,0.03498380537703549,-18.712097240740945,-0.11191601128439103,1278,1279,1270,1280
519.2193646430969,25.2,GUIDED,2.318,-0.009866835594177246,0.03251052856445313,-0.3015800392106108,0.8552101204114122,-0.006356938435831526,1280,1277,1271,1284
522.2529661655426,25.2,GUIDED,2.297,-0.007357375621795654,0.032505550384521485,-0.1713568397741245,12.673676405920766,0.2493626026756286,1284,1296,1297,1290
524.163507938385,25.2,GUIDED,2.301,-0.0074982008934021,0.03249163055419922,0.028808757413441917,-4.2342037405596855,-0.022447161575669023,1267,1285,1274,1274
526.5319981575012,25.2,GUIDED,2.328,-0.006659741401672363,0.032490550994873045,-0.019055172239964332,-18.258891991195796,-0.05829556451445966,1303,1261,1271,1290
528.9214088916779,25.2,GUIDED,2.304,-0.0035818302631378173,0.032512653350830076,-0.480725042206482,16.14287548066375,0.1055625413039974,1270,1302,1302,1276
531.4230885505676,25.2,GUIDED,2.294,-0.002344550848007202,0.032509593963623046,-0.08075061182366994,7.563455227416871,0.14670009699421646,1280,1289,1285,1287
533.8394200801849,25.2,GUIDED,2.31,-0.0024350354671478273,0.0325,-0.06316042011165413,-18.069840892706306,-0.21331471852593925,1276,1278,1282,1260
536.1168801784515,25.2,GUIDED,2.315,-0.0003170924782752991,0.03250868225097656,-0.17465724854605547,-4.771060024417272,-0.049445833815198265,1279,1275,1272,1281
538.2401905059814,25.2,GUIDED,2.296,0.0023589367866516113,0.03252245712280273,-0.3125689331310886,19.496930372605014,0.1690780645514261,1300,1292,1308,1292
540.4468169212341,25.2,GUIDED,2.29,0.0025474123954772948,0.032500804901123045,0.05501480254155238,-0.6941169605463409,-0.06150844814743663,1314,1243,1251,1304
542.6234171390533,25.2,GUIDED,2.307,0.002729581356048584,0.03248930358886719,-0.15701501666225798,-18.93200713390055,-0.128926010442926,1229,1336,1307,1255
544.9846746921539,25.2,GUIDED,2.292,0.005358135223388672,0.03251300048828125,-0.39199677610234374,3.489028608007413,0.07529668576109493,1276,1277,1281,1275
547.1375169754028,25.2,GUIDED,2.283,0.007573973178863525,0.03252776718139649,-0.34423803903277833,17.94478525164525,0.0957413896180736,1296,1298,1303,1294
549.295422077179,25.2,GUIDED,2.292,0.007500396251678467,0.03250942611694336,-0.06431102017221699,-2.1019847406559005,-0.11395910496008432,1264,1286,1277,1268
551.4828782081604,25.2,GUIDED,2.306,0.007903249740600585,0.03250135803222656,-0.06769045636727915,-18.381685132094287,-0.0866717388337297,1273,1288,1302,1257
558.0149085521698,25.2,GUIDED,2.282,0.01073616886138916,0.03252907562255859,-0.5433964567921389,7.884507415579674,0.1160258374936082,1268,1287,1302,1259
560.2822484970093,25.2,GUIDED,2.269,0.012624774932861328,0.032535953521728514,-0.24860165023298042,14.952593781931261,0.14592612450346296,1285,1303,1292,1300
562.4508526325226,25.2,GUIDED,2.282,0.012463713645935058,0.03250383758544922,0.09033048574314173,-2.954874304296801,-0.1476918084451906,1280,1273,1278,1267
564.6251227855682,25.2,GUIDED,2.303,0.01313894271850586,0.03249716949462891,0.02437942309238162,-18.040484739653593,-0.08964059661633077,1302,1265,1270,1292
566.8071119785309,25.2,GUIDED,2.283,0.016140115737915038,0.032534461975097656,-0.4280277048410271,12.696017100922232,0.09528299321131582,1280,1284,1290,1280
568.9921817779541,25.2,GUIDED,2.285,0.017652776718139647,0.03253948974609375,-0.3660855463514012,10.534969153192293,0.059982174342309846,1303,1274,1286,1294
571.199390411377,25.2,GUIDED,2.306,0.01742636489868164,0.03250442886352539,-0.0404735499121134,-4.766178573594829,-0.08119171931409111,1255,1295,1287,1258
573.3624382019043,25.2,GUIDED,2.319,0.018329833984375,0.03249270248413086,-0.015305598488825671,-17.628918030836132,-0.14193107748881373,1277,1289,1286,1273
575.5055103302002,25.2,GUIDED,2.294,0.021407764434814455,0.032530021667480466,-0.5545709664393971,15.82095500470271,-0.0014798867571390484,1264,1308,1301,1273
577.7585875988007,25.2,GUIDED,2.291,0.022657363891601563,0.03253158187866211,-0.29024352601397635,7.789528512528769,0.1149913706592554,1283,1289,1284,1288
579.896954536438,25.2,GUIDED,2.305,0.02241372489929199,0.03250165176391601,4.080855748409144,-1.9258824001722847,-0.039787135910846955,1283,1262,1275,1272
582.086386680603,25.2,GUIDED,2.313,0.022393566131591797,0.033603759765625,16.140297084252072,-0.42546147470380635,0.16669691653245686,1302,1259,1248,1317
584.3382465839386,25.2,GUIDED,2.289,0.022449895858764647,0.036615379333496095,-17.32295116922895,0.19938368059983877,-0.26241744205705014,1283,1300,1278,1295
586.5592317581177,25.2,GUIDED,2.277,0.022492019653320313,0.03765874862670898,-5.842767504724225,0.5348350814717924,-0.057912113425586914,1274,1295,1288,1282
592.0712859630585,25.2,GUIDED,2.285,0.022390874862670898,0.037412364959716796,2.341849458362524,15.409487333628217,0.4968850029784677,1282,1307,1305,1294
593.8018424510956,25.2,GUIDED,2.263,0.0210854549407959,0.03744792938232422,-0.03477683196888559,14.07260330832422,0.09525502545429448,1298,1317,1306,1310
595.9609439373016,25.2,GUIDED,2.316,0.01809708023071289,0.03750379180908203,-0.41713109851562374,-18.99633385550373,-0.2337284063871752,1249,1278,1269,1245
598.212940454483,25.2,GUIDED,2.311,0.01733820915222168,0.037524227142333985,-0.4096739993654243,-3.504493650392203,-0.2723824746126872,1279,1268,1265,1274
601.3298389911652,25.2,GUIDED,2.254,0.017345996856689454,0.037529651641845706,-0.2851822491172911,18.68981545612107,0.11740899082117545,1299,1315,1311,1309
603.2879664897919,25.2,GUIDED,2.247,0.015727834701538088,0.03751324081420898,-0.06842140667038951,9.840712867459054,0.06974396874949934,1295,1305,1305,1296
605.5546002388,25.2,GUIDED,2.328,0.012817757606506348,0.03747952651977539,0.24283931845101686,-19.908538062557493,-0.19504871161206244,1262,1257,1268,1244
607.67888879776,25.2,GUIDED,2.296,0.012351065635681153,0.03750131225585938,-0.44835266694411896,-1.4924866202108773,-0.07718531310788279,1260,1292,1307,1243
609.9450514316559,25.2,GUIDED,2.238,0.012216541290283203,0.03753793334960937,-0.39718273063180815,19.459922700134594,0.1393343116035263,1305,1319,1319,1312
612.2898755073547,25.2,GUIDED,2.251,0.009577483177185058,0.03752985000610352,-0.28540377669806694,-3.7894235293557474,-0.030792643887799637,1262,1285,1264,1280
614.5498099327087,25.2,GUIDED,2.33,0.007380811214447022,0.03749745178222656,0.1288806537179689,-17.88478374733398,-0.33141033012168614,1256,1283,1277,1248
616.6883075237274,25.2,GUIDED,2.277,0.007457079887390136,0.03751240539550781,-0.3119002416030885,2.1851723893218358,-0.05330169238013533,1267,1296,1309,1251
618.8544247150421,25.2,GUIDED,2.26,0.0069011573791503905,0.03752753829956055,-0.41110455047057176,18.510922556474682,0.12067129994414247,1307,1317,1314,1314
621.0470616817474,25.2,GUIDED,2.301,0.003934847116470337,0.03750052261352539,0.12946702279017183,-11.472157338456313,0.005247145670635184,1258,1271,1247,1279
623.1488637924194,25.2,GUIDED,2.355,0.0023177711963653564,0.037491180419921874,0.22604233581722166,-11.883786372749947,-0.22277242277271775,1280,1261,1256,1277
628.1726911067963,25.2,GUIDED,2.288,0.0025331885814666747,0.03752969741821289,-0.5635842014620223,2.8146823237047616,0.00634253225619602,1281,1284,1283,1282
630.3972640037537,25.2,GUIDED,2.273,0.0018901692628860473,0.037537296295166014,-0.35505054865402585,18.020308360845373,0.09999811825529893,1307,1317,1316,1312
632.5998477935791,25.2,GUIDED,2.319,-0.0010976282358169556,0.037513023376464845,-0.20253609304627734,-11.582098624657776,0.04000483485042789,1253,1280,1285,1246
634.7559280395508,25.2,GUIDED,2.363,-0.0026994187831878664,0.03750043106079102,-0.03049990291378782,-11.866954225314098,-0.1409133659622686,1273,1263,1265,1262
638.9397597312927,25.2,GUIDED,2.282,-0.0032182044982910158,0.03754647827148438,-0.4879557579382925,17.769954607007726,0.07951389401664806,1306,1318,1315,1312
641.0525724887848,25.2,GUIDED,2.338,-0.006246994495391846,0.03751791000366211,-0.04852535576777996,-13.407809043575831,-0.07404773497854784,1259,1264,1268,1250
643.2560243606567,25.2,GUIDED,2.368,-0.007709006309509278,0.037497814178466794,0.09058697802277423,-10.31215813718272,-0.16895440077485183,1288,1251,1256,1277
645.3158164024353,25.2,GUIDED,2.298,-0.007459611415863037,0.037521331787109376,-0.44228022856558097,2.9411590710000035,0.08122016731878848,1264,1297,1285,1278
647.451206445694,25.2,GUIDED,2.294,-0.008146041870117188,0.03753525161743164,-0.30261054400163645,17.74566645431916,0.09157638828696743,1311,1311,1312,1314
649.5945048332214,25.2,GUIDED,2.348,-0.011133984565734863,0.037514781951904295,-0.11381771204013713,-12.163281128681454,-0.10449163567722684,1253,1273,1257,1263
651.7500748634338,25.2,GUIDED,2.375,-0.012694785118103027,0.03750282669067383,0.13068371693714648,-11.340375668610086,-0.24147141298716313,1265,1282,1265,1270
653.9107663631439,25.2,GUIDED,2.305,-0.012473479270935058,0.037538772583007814,-0.5648341794409875,3.224490685697765,0.0563319451590405,1278,1283,1288,1273
656.1459364891052,25.2,GUIDED,2.297,-0.013209012985229493,0.037548179626464846,-0.3832311087567051,17.934261637681555,0.09532719600782918,1306,1317,1313,1313
658.3659904003143,25.2,GUIDED,2.35,-0.01623367691040039,0.037524951934814456,0.06019835916769001,-13.237889304951548,-0.10376691525369147,1278,1252,1257,1265
664.3828253746033,25.2,GUIDED,2.354,-0.0176774959564209,0.03751457977294922,-0.09456028048987046,-3.811988339939354,-0.17022520282665768,1273,1274,1277,1261
666.9524908065796,25.2,GUIDED,2.281,-0.0176456356048584,0.03753974151611328,-0.3863984222213134,19.162520895746606,0.06370946993736663,1304,1315,1309,1313
669.5832495689392,25.2,GUIDED,2.3,-0.020010692596435547,0.037530956268310545,-0.3599386962635071,0.9244625823449351,0.0716520594673791,1262,1301,1298,1262
671.517548084259,25.2,GUIDED,2.371,-0.02214236068725586,0.03750545883178711,0.0491195422049314,-19.897160674947546,-0.20978168311583117,1227,1302,1294,1221
673.8340349197388,25.2,GUIDED,2.325,-0.022648244857788085,0.03749870681762695,0.049753125626782725,-1.6007278296392426,-0.14792993125121545,1275,1278,1278,1271
676.0255308151245,25.2,GUIDED,2.3,-0.022380313873291015,0.03814310455322266,16.67747438700065,2.7471146773404107,0.5159607074741084,1256,1313,1301,1268
678.299204826355,25.2,GUIDED,2.301,-0.022440349578857422,0.040978057861328125,-9.815544474141204,0.14865038280651957,-0.07317192330005239,1269,1293,1277,1281
680.6786005496979,25.2,GUIDED,2.293,-0.022525098800659178,0.04264020538330078,-12.745661477130824,-0.49119593564752306,0.0836626402979424,1279,1302,1298,1283
682.9767608642578,25.2,GUIDED,2.295,-0.02249323081970215,0.042449066162109375,1.1179836127593756,-5.21765108952491,0.07789215764569977,1261,1287,1276,1271
685.2233386039734,25.2,GUIDED,2.313,-0.021258474349975586,0.04239306640625,0.9077585009560226,-15.470819017280347,-0.18094309031551672,1320,1243,1239,1318
687.4658002853394,25.2,GUIDED,2.289,-0.018281549453735352,0.042501148223876954,-0.813305415749503,17.988495047238747,0.0451899055907663,1275,1305,1290,1294
689.8219401836395,25.2,GUIDED,2.285,-0.017372774124145507,0.04251511001586914,-0.28874806143128734,4.455668355529117,0.10262664051816296,1271,1294,1287,1279
692.0318477153778,25.2,GUIDED,2.301,-0.017508569717407226,0.04247879028320312,0.17230179377775312,-15.622770235745621,-0.02743487053148447,1296,1257,1264,1285
697.5313041210175,25.2,GUIDED,2.296,-0.014783047676086425,0.04248910903930664,-0.32230259302859143,1.7183598021244353,0.09520704737743911,1252,1296,1286,1265
699.2833459377289,25.2,GUIDED,2.28,-0.01276997947692871,0.042514404296875,-0.5655618080310054,19.904076241482183,0.19299426541491663,1276,1318,1331,1275
701.4892361164093,25.2,GUIDED,2.282,-0.01243511962890625,0.04249795913696289,-0.07648373128418215,0.2183029444150171,-0.026284120393522854,1272,1286,1277,1278
703.6156449317932,25.2,GUIDED,2.303,-0.012501628875732421,0.04248712158203125,0.07596138856534146,-16.541020867762136,-0.048949984759817815,1275,1276,1263,1284
705.7927360534668,25.2,GUIDED,2.293,-0.010429807662963867,0.04250465774536133,-0.33835249704149006,-6.022331897343391,-0.03609011259464574,1279,1279,1266,1289
707.9057478904724,25.2,GUIDED,2.273,-0.007673110485076904,0.04251862716674805,-0.42369845880472323,19.74380414506054,0.2588145439502949,1286,1303,1309,1291
710.0664191246033,25.2,GUIDED,2.278,-0.0074221048355102535,0.0425001335144043,-0.09849709080369606,-0.21588285631365084,-0.07729953201349538,1258,1298,1281,1271
712.1192002296448,25.2,GUIDED,2.297,-0.007488302230834961,0.04249879837036133,-0.11634889743722188,-16.336262041728908,-0.09701928199320728,1277,1276,1264,1282
714.2455677986145,25.2,GUIDED,2.293,-0.005423835277557373,0.04251180648803711,-0.09187714339407277,-5.980460703297097,0.010861899259414528,1297,1262,1242,1316
716.3390662670135,25.2,GUIDED,2.279,-0.0026735541820526124,0.042509342193603514,-0.03087957538726524,19.742880361975296,0.23599013281737502,1296,1296,1288,1311
718.5173871517181,25.2,GUIDED,2.292,-0.0024214928150177004,0.0424981689453125,-0.15663579442097683,-0.1269077829246798,0.047561081800351596,1263,1291,1287,1268
720.6106672286987,25.2,GUIDED,2.306,-0.002520050287246704,0.04249392318725586,-0.032754358927781266,-15.47411629110217,-0.09677358194607194,1295,1261,1252,1298
722.7826025485992,25.2,GUIDED,2.302,-0.0005560956597328186,0.04249609375,-0.08577418927778788,-7.4185314198338945,0.01797663434370374,1271,1286,1262,1297
724.8957524299622,25.2,GUIDED,2.28,0.0022665932178497317,0.04250331115722656,-0.23823721169345632,19.935394366373984,0.12585678756614407,1289,1309,1303,1299
727.1142976284027,25.2,GUIDED,2.286,0.0025844759941101073,0.04248943710327149,-0.05115925747162604,0.14307469394775452,-0.027078253281509146,1276,1283,1276,1278
732.7354974746704,25.2,GUIDED,2.317,0.002852893590927124,0.04247994613647461,0.07000322912337555,-18.38003051876785,-0.10023001785185541,1300,1264,1283,1275
734.6341145038605,25.2,GUIDED,2.308,0.0047978367805480955,0.04248527526855469,-0.15140326920715205,-3.274580091419465,-0.08557050423219736,1281,1276,1276,1277
736.7693786621094,25.2,GUIDED,2.297,0.007424608707427978,0.042483524322509764,-0.03622417173237377,19.430064528177883,0.23419886234668627,1297,1297,1287,1315
738.9313201904297,25.2,GUIDED,2.302,0.0075688610076904295,0.042477672576904296,-0.14878929444680733,-0.7220096388476747,0.004591607592872631,1263,1286,1283,1264
741.0493948459625,25.2,GUIDED,2.326,0.007623073101043701,0.042472549438476566,0.11326231894303725,-18.17499677762053,-0.10826484161608949,1281,1276,1257,1295
743.1858100891113,25.2,GUIDED,2.322,0.010013603210449218,0.042480274200439455,-0.15551354898361877,-0.8199186396916621,-0.001499583165080674,1274,1280,1285,1269
745.3091311454773,25.2,GUIDED,2.302,0.012493357658386231,0.0424846076965332,-0.11495892726069784,19.08234301262712,0.13572180854325067,1288,1307,1293,1305
747.5134835243225,25.2,GUIDED,2.303,0.01255014705657959,0.04248200607299805,-0.10566439383195259,-1.4104354509898083,-0.03656335332366705,1250,1301,1282,1268
749.615061044693,25.2,GUIDED,2.322,0.012632426261901855,0.04248019027709961,0.042807710365059065,-18.123488613542172,-0.1722824904892199,1303,1254,1242,1308
751.7738566398621,25.2,GUIDED,2.317,0.015060935974121094,0.04248987579345703,-0.18968333121475295,-0.19509426844021788,-0.046757754170401566,1270,1280,1278,1271
754.0595922470093,25.2,GUIDED,2.296,0.01751637840270996,0.04250031280517578,-0.09254742907755299,19.006976997777905,0.17612623280549747,1293,1301,1305,1297
756.3221485614777,25.2,GUIDED,2.297,0.017548845291137694,0.0425025634765625,-0.10425941591555303,-1.5332456673612225,-0.028895522160242236,1266,1291,1269,1280
758.4889788627625,25.2,GUIDED,2.323,0.017781002044677734,0.04250204849243164,-0.30048544803526334,-18.756428583548914,-0.10166008870932683,1272,1292,1297,1261
760.6637156009674,25.2,GUIDED,2.311,0.020464061737060547,0.042498908996582034,-0.1511866908454818,4.582046491968217,0.059247315356725234,1279,1277,1281,1278
762.8516116142273,25.2,GUIDED,2.295,0.022599462509155274,0.042500492095947265,-0.16211788834377153,17.387527192736837,0.19247869285428645,1293,1297,1289,1308
767.9573812484741,25.2,GUIDED,2.297,0.022507314682006837,0.04250001525878906,-0.14016036428670114,-2.078822075076506,-0.026377580259834308,1256,1300,1317,1234
770.1402568817139,25.2,GUIDED,2.318,0.022405729293823243,0.042961490631103515,17.082448255721754,-1.128294743806862,0.04083576004648234,1297,1255,1271,1287
772.3195495605469,25.2,GUIDED,2.304,0.022488542556762695,0.0456536750793457,-6.350382894971341,0.352223117141905,-0.16450925496606936,1275,1291,1280,1281
774.4913265705109,25.2,GUIDED,2.29,0.022538509368896485,0.04758657073974609,-15.570445864061446,0.4966253490683014,-0.20294678485055082,1292,1301,1308,1281
776.6358783245087,25.2,GUIDED,2.298,0.022524497985839845,0.04746927261352539,2.023953031039678,0.13467787015750976,0.09610688477994862,1262,1286,1289,1264
778.7565972805023,25.2,GUIDED,2.286,0.021983173370361327,0.04739053726196289,1.1107923840587044,17.285798355238665,0.2319873751594831,1316,1302,1306,1314
780.888854265213,25.2,GUIDED,2.306,0.019215988159179687,0.047483116149902346,-0.594426347546038,-7.7653837938127745,-0.1424008130768108,1280,1262,1260,1273
783.074152469635,25.2,GUIDED,2.354,0.01737648582458496,0.04751443099975586,-0.3880021826549441,-14.742357144183684,-0.3030631507558556,1240,1301,1292,1235
785.1748795509338,25.2,GUIDED,2.279,0.017534519195556642,0.04747125625610352,0.35620135548789367,2.234127343311079,-0.044882567088435556,1278,1284,1255,1305
787.2825698852539,25.2,GUIDED,2.262,0.01709107971191406,0.04745875930786133,0.14404340687113273,18.437573154977915,0.17495891078765996,1303,1316,1310,1314
789.4239795207977,25.2,GUIDED,2.295,0.014240942001342773,0.04748598480224609,-0.3894275844377876,-7.954651750808413,-0.03049087158943606,1254,1282,1267,1265
791.5850026607513,25.2,GUIDED,2.35,0.012361252784729004,0.04748627471923828,0.1850784496928421,-14.892812551220725,-0.2139181363906408,1279,1256,1267,1259
793.7485525608063,25.2,GUIDED,2.272,0.012534584045410156,0.04747613906860351,0.004107101887548095,2.489694665919562,0.01983394720747801,1269,1293,1281,1281
796.0682332515717,25.2,GUIDED,2.253,0.012096341133117677,0.04748459243774414,-0.09323943929826636,18.556894852230744,0.1296698740724359,1305,1317,1324,1302
798.3872163295746,25.2,GUIDED,2.284,0.00923412036895752,0.0475048828125,-0.2596492144112116,-8.195054772798997,-0.002320498823960646,1271,1269,1251,1286
803.1996712684631,25.2,GUIDED,2.337,0.007358219623565674,0.04750535583496094,-0.10934205049360776,-14.874379578198154,-0.3018642391131068,1259,1279,1294,1229
805.514664888382,25.2,GUIDED,2.271,0.007516943454742432,0.047499679565429685,0.10985248040204061,3.065486016253984,0.01763871173503335,1286,1274,1276,1284
807.619720697403,25.2,GUIDED,2.25,0.006820340156555176,0.0475031623840332,-0.2553297067305603,18.063067052596946,0.13104084778533087,1303,1321,1323,1305
809.6990790367126,25.2,GUIDED,2.295,0.0038122360706329345,0.04749662780761719,0.05873323689997599,-12.977149394707249,-0.15446758288546802,1275,1259,1277,1246
811.8631439208984,25.2,GUIDED,2.335,0.002326294183731079,0.047487735748291016,-0.025167974768660874,-10.504362221747819,-0.2874210303807479,1257,1284,1276,1253
813.9683578014374,25.2,GUIDED,2.272,0.002560375213623047,0.04747419357299805,0.02281699730942137,2.640071952667971,0.05950576197759485,1281,1280,1290,1273
816.0127999782562,25.2,GUIDED,2.259,0.001938205599784851,0.04748238372802734,-0.21892166350428505,18.108033602997725,0.1370344188232964,1303,1319,1314,1310
818.1192729473114,25.2,GUIDED,2.297,-0.0010286868810653687,0.04749564361572266,-0.09824529427911796,-11.120107190519054,-0.11658636657279882,1272,1261,1246,1278
820.2336483001709,25.2,GUIDED,2.34,-0.0026648361682891845,0.04749820327758789,-0.018755242558552137,-12.2670197493429,-0.18207779551202474,1286,1249,1265,1263
822.3342754840851,25.2,GUIDED,2.272,-0.002446537971496582,0.047476215362548826,0.015074954539838778,2.5078695858575544,0.02908766125128851,1277,1279,1288,1271
824.4093878269196,25.2,GUIDED,2.255,-0.00289148473739624,0.04746362686157227,0.09651875719309229,18.396112199168645,0.19012581274713608,1313,1309,1314,1312
826.5295333862305,25.2,GUIDED,2.282,-0.005747288703918457,0.04748438262939453,-0.3696002656487546,-7.967559954566091,-0.05851564468210084,1255,1289,1283,1254
828.7227613925934,25.2,GUIDED,2.347,-0.00764783525466919,0.04748381423950195,-0.10034457693290517,-15.311043817120824,-0.3320894270159999,1261,1278,1272,1252
830.8270952701569,25.2,GUIDED,2.285,-0.007483602523803711,0.04746895980834961,0.07489187699085266,2.3123490175635926,-0.0035837115450877595,1274,1288,1275,1284
832.9434223175049,25.2,GUIDED,2.265,-0.007836887836456299,0.04747164916992187,-0.09557830551142632,18.643990009432162,0.18539796113973853,1304,1318,1327,1298
838.2891361713409,25.2,GUIDED,2.318,-0.011390481948852539,0.0474932861328125,-0.2955800915507248,-15.38055294475675,-0.026381367212862897,1252,1274,1263,1256
840.0866239070892,25.2,GUIDED,2.355,-0.012620519638061524,0.04749191284179687,-0.13220552844095027,-16.165329727560167,-0.21984976881861343,1265,1274,1271,1256
842.180700302124,25.2,GUIDED,2.289,-0.012481369972229005,0.047467765808105467,0.19772711960227268,2.3047649462639397,0.05777283492943551,1300,1262,1256,1307
844.2822782993317,25.2,GUIDED,2.267,-0.012745424270629883,0.0474630012512207,0.0811518921075148,18.58360942962196,0.19971885345705864,1297,1322,1315,1309
846.4183003902435,25.2,GUIDED,2.288,-0.015410308837890624,0.0474880256652832,-0.3081748269780961,-3.9855353358997387,-0.011423698993914605,1276,1277,1266,1282
848.5513916015625,25.2,GUIDED,2.359,-0.017582735061645507,0.0474845085144043,0.2297821311920681,-17.652417296675562,-0.23599504201584096,1277,1261,1256,1273
850.6073312759399,25.2,GUIDED,2.298,-0.017496383666992188,0.047476272583007816,-0.06392853624880289,2.2373736041575394,0.06444140074614886,1273,1289,1282,1281
852.7112376689911,25.2,GUIDED,2.283,-0.017672225952148436,0.047484127044677735,-0.12206100331640204,18.52299491583268,0.15015453186801653,1304,1311,1310,1308
857.0128014087677,25.2,GUIDED,2.374,-0.022552635192871092,0.04749590301513672,-0.03280406122719567,-18.65847001047259,-0.31868651479117216,1227,1313,1277,1250
859.1397323608398,25.2,GUIDED,2.297,-0.02252057075500488,0.04746672821044922,0.3135530406605258,1.9621150596153214,0.010988005128771858,1318,1248,1240,1325
861.4520177841187,25.2,GUIDED,2.302,-0.02237105941772461,0.047798221588134765,17.09922149277601,1.6532262644255473,0.39834442307966567,1270,1283,1276,1280
863.7506945133209,25.2,GUIDED,2.31,-0.02243657875061035,0.05036066436767578,-3.1271726562995426,0.059475593085391756,0.04344470554644209,1270,1284,1273,1278
865.8651058673859,25.2,GUIDED,2.293,-0.022481740951538084,0.05255205154418945,-17.852675028045752,-0.10322432209117875,0.06388376649322758,1295,1301,1286,1311
867.9541342258453,25.2,GUIDED,2.293,-0.022497020721435546,0.052485610961914064,2.062174556191658,0.07076351455536259,0.2389083578206894,1256,1293,1290,1266
873.4566085338593,25.2,GUIDED,2.32,-0.021575050354003908,0.05238559341430664,0.640213214338306,-16.783140828555332,-0.1963554788787166,1289,1275,1296,1262
875.3120405673981,25.2,GUIDED,2.304,-0.019342796325683594,0.05244376754760742,-0.39302495969626866,6.216370741474283,0.031068899693321533,1290,1263,1269,1288
877.7764594554901,25.2,GUIDED,2.282,-0.017376304626464844,0.052486114501953125,-0.4283535262087778,15.915042568066928,0.21213157501521968,1286,1307,1306,1292
879.9506883621216,25.2,GUIDED,2.29,-0.017494367599487304,0.052483642578125,-0.06692057265187838,-4.522101336717601,0.0374606827660907,1262,1293,1284,1268
882.1199109554291,25.2,GUIDED,2.312,-0.01660149383544922,0.05246901321411133,0.1476058841318233,-17.543323807704827,-0.17379644460743554,1262,1303,1286,1272
884.3307738304138,25.2,GUIDED,2.285,-0.013535516738891602,0.052472286224365235,0.0331662079955518,16.098311911424002,0.15295382887045073,1302,1269,1259,1318
886.7280089855194,25.2,GUIDED,2.28,-0.012311975479125976,0.05248686981201172,-0.3730314218504811,7.557571873220551,0.16923725331581235,1278,1298,1286,1294
888.8928470611572,25.2,GUIDED,2.302,-0.01253466796875,0.052489608764648435,-0.15827047746885772,-9.744007634095428,-0.02645748313445821,1263,1285,1283,1263
891.0844099521637,25.2,GUIDED,2.315,-0.011151689529418946,0.05247663879394531,0.08728270058900865,-14.362870126350483,-0.11149394027823863,1281,1280,1294,1264
893.228043794632,25.2,GUIDED,2.29,-0.008095197677612305,0.05246938323974609,0.027688322910028842,19.660822469286764,0.1702540310274319,1291,1294,1288,1302
895.4001679420471,25.2,GUIDED,2.286,-0.007342597484588623,0.05248402404785156,-0.25357298741211837,3.309828563291785,-0.04500838197439197,1279,1286,1285,1275
897.512707233429,25.2,GUIDED,2.306,-0.007555568218231201,0.052496452331542966,-0.16545038032850307,-10.630253707208555,0.024251543808429,1275,1273,1270,1279
899.6586408615112,25.2,GUIDED,2.31,-0.006044148445129394,0.052487060546875,-0.03074314502663688,-13.250290367163352,-0.09719583304510286,1266,1297,1307,1252
901.9480149745941,25.2,GUIDED,2.289,-0.00302470064163208,0.05246842575073242,0.19147150675597402,19.762353231299002,0.17156366643992893,1268,1321,1299,1297
904.2798984050751,25.2,GUIDED,2.296,-0.0023545002937316894,0.05248590087890625,-0.35188280830259444,2.6631848859324707,-0.01601136413689827,1260,1304,1295,1265
909.4174020290375,25.2,GUIDED,2.319,-0.0024853410720825195,0.05250480270385742,-0.2563276347208962,-15.661546927211075,-0.09463526582839515,1261,1290,1293,1252
911.5861296653748,25.2,GUIDED,2.317,-0.0005473755598068237,0.052495723724365236,0.08702730887696704,-7.636592893049368,-0.07727362531941694,1304,1253,1267,1287
913.7361080646515,25.2,GUIDED,2.283,0.0022736189365386962,0.05247539901733399,0.1476541090026233,19.77397992081366,0.2182471289628934,1280,1308,1305,1290
915.8977603912354,25.2,GUIDED,2.283,0.0026017861366271974,0.052490192413330077,-0.08755080552425148,0.3399353933816405,0.021757384173143806,1272,1285,1265,1289
918.0000755786896,25.2,GUIDED,2.306,0.002537595272064209,0.05251099395751953,-0.2494556906834965,-16.655160158982216,-0.07084473644356888,1276,1275,1257,1286
920.1839118003845,25.2,GUIDED,2.307,0.004631448268890381,0.052500328063964846,-0.08831998887845806,-5.484062191214434,-0.01901944548142734,1283,1271,1274,1278
922.2971534729004,25.2,GUIDED,2.288,0.007365464210510254,0.05248053741455078,0.1546754367476906,19.768543090234328,0.23313233897995936,1281,1308,1300,1299
924.4143555164337,25.2,GUIDED,2.291,0.007594296455383301,0.05248627090454101,-0.2218346991646558,-0.3431129788104303,-0.010683879950301131,1275,1283,1283,1271
926.6868765354156,25.2,GUIDED,2.31,0.007538388729095459,0.052495609283447264,-0.24459574428476796,-17.036919922261742,-0.09389976651257585,1284,1273,1261,1290
928.9453010559082,25.2,GUIDED,2.304,0.00967798900604248,0.052485305786132815,-0.03339538618861085,-4.782207320029556,-0.04934717293325662,1275,1285,1266,1291
931.065140247345,25.2,GUIDED,2.284,0.01239092445373535,0.05247254180908203,0.06859250157507701,19.80760323455034,0.1588808589248615,1307,1289,1286,1314
933.4086322784424,25.2,GUIDED,2.287,0.01259391212463379,0.05248120880126953,0.022416797582847547,-0.41284667559574817,0.017392609813974676,1286,1265,1244,1306
935.8768684864044,25.2,GUIDED,2.312,0.01274702548980713,0.052483699798583985,-0.1026422418975269,-18.90824661332537,-0.08899901240159915,1280,1280,1305,1251
938.1632521152496,25.2,GUIDED,2.293,0.01534777545928955,0.05247191619873047,0.11147731837256317,3.143224881509542,-0.06453520245542416,1261,1296,1281,1273
943.7828471660614,25.2,GUIDED,2.278,0.017689804077148437,0.052485599517822265,-0.1277760440424912,10.871035804698076,0.1308440663000831,1307,1271,1253,1326
945.4780473709106,25.2,GUIDED,2.292,0.017535350799560548,0.05249851608276367,-0.1843332520420099,-2.1726957681423382,0.018822080361851075,1287,1269,1258,1295
947.8358931541443,25.2,GUIDED,2.326,0.018132863998413087,0.05249191284179688,0.0013582871701201724,-18.16175816346175,-0.14256541796776545,1300,1262,1270,1286
950.1082863807678,25.2,GUIDED,2.302,0.02110335159301758,0.05246345901489258,0.14043561290612472,11.932699064943701,0.003813518395694929,1299,1264,1280,1281
952.248931646347,25.2,GUIDED,2.287,0.02268631362915039,0.0524644775390625,-0.14358811873405586,11.267681111499995,0.10525493599740222,1277,1301,1293,1288
953.8389451503754,25.2,RTL,2.294,0.022540128707885743,0.052485485076904294,-0.08781369443612426,-1.7625404538838396,-0.06713360918693799,1295,1260,1260,1292
953.9200959205627,25.2,RTL,2.298,0.022481151580810547,0.05249331283569336,-0.25872319017014594,-2.0027128502682308,-0.10828889402052998,1286,1272,1279,1270
956.3424963951111,25.2,RTL,2.477,0.022392032623291015,0.05250183486938476,-0.15477850323504905,-0.23308989042148479,0.049603081578560616,1291,1316,1322,1287
958.3036222457886,25.2,RTL,3.452,0.02237531852722168,0.05249575042724609,-0.08297241766580088,0.43304431870384275,-0.6532641583774665,1299,1314,1308,1305
960.4821388721466,25.2,RTL,4.901,0.022333930969238282,0.05250201416015625,-0.3500216884754717,0.2128645530307399,-0.5275355302397527,1281,1306,1306,1281
962.4653966426849,25.2,RTL,6.2,0.022228139877319336,0.052359439849853515,-8.176717422424806,3.384649230224455,-0.7678422892517229,1285,1271,1279,1276
964.471884727478,25.2,RTL,6.317,0.02174048042297363,0.05127597808837891,-12.196718319763251,5.173980994405964,-0.997299719653951,1296,1298,1296,1301
966.6775434017181,25.2,RTL,6.259,0.02044102668762207,0.04826508331298828,-13.55237938886926,5.4900603779661745,-1.273719396355071,1312,1325,1317,1319
968.7690501213074,25.2,RTL,6.262,0.018198320388793945,0.043011543273925784,-11.175364274678103,4.673396003248906,-1.0072536531521867,1313,1321,1321,1314
970.9117403030396,25.2,RTL,6.294,0.01521035099029541,0.03595736312866211,-5.815485167858255,2.4759860493685233,-0.6313752697174269,1300,1296,1300,1298
972.3976807594299,25.2,RTL,6.32,0.011835513114929199,0.027967796325683594,-0.6060682982646189,0.4695158480048448,-0.5342051032425644,1281,1270,1268,1285
974.727445602417,25.2,RTL,6.325,0.008394655227661132,0.019826831817626952,3.0222344836651125,-0.9781127577800331,-0.6745525773599269,1261,1271,1271,1261
979.6107552051544,25.2,RTL,6.334,0.005198338031768799,0.012218351364135743,9.028870606295815,-3.1968649183825906,-1.0064417144146016,1261,1239,1235,1262
981.1010553836823,25.2,RTL,6.336,0.0026124460697174072,0.006100692272186279,13.866235972741455,-5.333265701605716,-1.372222890461114,1223,1267,1274,1217
983.5978767871857,25.2,RTL,6.311,0.0009506757259368896,0.0022380950450897217,13.340956005753393,-5.140542522663697,-1.2653489995272205,1271,1245,1241,1277
985.5813369750977,25.2,RTL,6.268,0.00020393897593021392,0.0005469768047332763,5.254331766688817,-2.2121915504613487,-0.8337449169233249,1279,1260,1281,1259
987.0531160831451,25.2,RTL,6.258,3.827660530805588e-05,0.00012954923510551453,1.6163395076477762,-0.525646662769127,-0.7202365644278217,1226,1330,1299,1259
989.3876466751099,25.2,RTL,6.27,2.9010750353336335e-05,9.547416865825652e-05,-0.7731793350361474,0.5354189559241227,-0.7345291087920436,1296,1262,1269,1288
991.2768230438232,25.2,RTL,6.288,5.16549265012145e-06,2.738265320658684e-05,0.08836179043659134,0.13872577109694725,-0.6895008198844701,1275,1279,1292,1261
993.9851768016815,25.2,RTL,6.289,-1.3639546930789948e-05,-1.62104032933712e-05,0.20460529351924742,0.12213553508767717,-0.7246655685786048,1267,1286,1270,1283
995.6703596115112,25.2,RTL,6.295,-1.2220512144267558e-05,-5.798664875328541e-06,0.019023896110063755,0.29845640160409354,-0.7115320219391693,1265,1287,1295,1257
997.5651223659515,25.2,RTL,6.294,-9.984050877392292e-06,7.008211687207222e-06,-0.0949061455279883,0.11136751507752728,-0.7402316764187695,1287,1269,1281,1272
999.1660280227661,25.2,RTL,6.288,-7.065039593726397e-06,4.407106433063746e-06,-0.05173931995802797,0.27172709661748334,-0.7761853653228935,1293,1263,1262,1291
1001.3953597545624,25.2,RTL,6.291,-8.24530515819788e-06,1.976378262042999e-06,-0.17838287661445942,0.22199811677663367,-0.6724124869938916,1260,1296,1306,1250
1003.2435593605042,25.2,RTL,6.293,-1.5063040889799594e-05,1.2892041355371475e-05,0.06881382905265451,0.11241114663836407,-0.6826358927992254,1286,1267,1271,1284
1004.6661417484283,25.2,RTL,6.295,-1.8035409972071647e-05,2.3271990939974785e-05,-0.2227169941867775,0.05176364250178622,-0.6943271489458774,1267,1287,1285,1269
1006.5526497364044,25.2,RTL,6.297,-1.4270701445639134e-05,2.3375315591692925e-05,-0.13170957933397065,0.2062960721637297,-0.6289005534429137,1285,1271,1265,1294
1008.4465086460114,25.2,RTL,6.297,-9.386771358549594e-06,2.2148488089442255e-05,-0.1909593226095024,0.18410278651837486,-0.699339920827285,1277,1273,1279,1272
1010.751885175705,25.2,RTL,6.295,-6.917370017617941e-06,1.0686521418392659e-05,0.05483592362244945,0.1987811698696364,-0.8106396676216411,1267,1288,1274,1277
1015.600950717926,25.2,RTL,6.291,-1.1585373431444169e-05,1.6564313322305678e-05,-0.23573920340665638,0.13547533476374843,-0.7630327154981233,1264,1273,1268,1266
1017.5711143016815,25.2,RTL,5.933,-1.1093287728726863e-05,1.7330994829535484e-05,-0.013030460141757108,0.1498923833379776,-0.7538630798156754,1264,1271,1282,1251
1019.0709803104401,25.2,RTL,5.408,-1.6524864360690115e-05,1.3835093937814235e-05,0.10184561105461465,0.08959776119167275,-0.6822166365780631,1265,1272,1264,1275
1020.9677691459656,25.2,RTL,4.906,-1.3606641441583634e-05,1.7439356073737146e-05,-0.1626602747329793,0.19667362962386434,-0.6584504063916219,1251,1288,1273,1271
1023.4395654201508,25.2,RTL,4.41,-1.2546745128929615e-05,2.0638247951865198e-05,-0.23154135847059595,0.06830516005236707,-0.8050126056017555,1261,1282,1273,1266
1024.9179148674011,25.2,RTL,3.917,-1.8060323782265187e-06,2.474764734506607e-05,-0.08358069136811547,0.4801988508361265,-0.6644237269859153,1298,1244,1236,1307
1026.8130457401276,25.2,RTL,3.421,-3.0406985897570846e-06,2.445145323872566e-05,-0.30447443859310946,0.34644448361938335,-0.7650702996657556,1243,1301,1289,1254
1029.140067577362,25.2,RTL,2.926,-1.626424491405487e-05,1.8312443047761916e-05,0.018129583223355086,0.10097062646933899,-0.6880015400007994,1278,1262,1245,1296
1030.965009689331,25.2,RTL,2.43,-1.441517286002636e-05,1.1338014155626297e-05,-0.03463981797392874,0.13945287941864948,-0.6732630589889697,1252,1282,1289,1248
1032.869443655014,25.2,RTL,1.922,-1.3164667412638664e-05,1.220919657498598e-05,-0.05207007720467113,0.16039233176341772,-0.705571774753834,1269,1268,1263,1272
1034.788780927658,25.2,RTL,1.292,-4.156148992478848e-06,3.7683802656829356e-06,0.11845236891796102,0.16288532413004594,-0.7100567010784465,1290,1249,1237,1298
1036.664933681488,25.2,RTL,0.914,5.62823424115777e-06,7.3655350133776665e-06,-0.20999435279502715,0.40533400111726303,-0.7926282453369059,1281,1262,1260,1279
1038.1024913787842,25.2,RTL,0.419,4.1689644567668435e-06,2.6997991371899845e-06,-0.16994528513260615,0.2884963049273489,-0.781880409069362,1250,1293,1287,1252
1040.4156715869904,25.2,RTL,-0.013,-7.83609168138355e-07,4.336023121140897e-07,0.006375007337759984,0.11134370946703141,-0.8299921548612259,1200,1246,1240,1212
1042.4202365875244,25.2,RTL,-0.048,3.2057997304946185e-06,-6.232674233615399e-06,-0.01623894984200386,0.1019671604073931,-1.0374929283202432,1160,1169,1156,1152
1044.543841123581,25.2,RTL,-0.045,6.574330851435661e-06,-9.56009142100811e-06,-0.012694496043140475,0.09749800221480981,-0.989580431953073,1100,1100,1100,1100
1049.4617648124695,25.2,RTL,-0.032,8.56682751327753e-06,-1.0110964067280293e-05,-0.008794056986903187,0.09302521548422993,-0.9545425220062597,1100,1100,1100,1100
1050.8951818943024,25.2,RTL,-0.024,1.067296788096428e-05,-9.982692077755929e-06,-0.007876177779773326,0.08641207825345681,-0.917057803510995,1100,1100,1100,1100
1053.1574666500092,25.2,RTL,-0.022,1.2971817515790462e-05,-1.0177250020205974e-05,-0.005302051070088096,0.08480659693232036,-0.8824337069783492,1100,1100,1100,1100
1055.8961210250854,25.2,RTL,-0.02,1.4444378204643726e-05,-9.967517107725144e-06,-0.001101012299385423,0.0877617876664748,-0.8435548828404614,1100,1100,1100,1100
1057.5813772678375,25.2,RTL,-0.02,1.4512727037072182e-05,-9.497163817286492e-06,0.0021125436594938915,0.09084349031272654,-0.8220544078286133,1100,1100,1100,1100
1059.003452539444,25.2,RTL,-0.019,1.3810650445520878e-05,-8.287033997476101e-06,0.007330207042025286,0.09576939739573462,-0.7950620338372518,1100,1100,1100,1100
1061.4084949493408,25.2,RTL,-0.019,1.2585253454744816e-05,-6.790268700569868e-06,0.010984988573056879,0.10037963501325439,-0.7706782051394534,1100,1100,1100,1100
